<?xml version="1.0" encoding="UTF-8"?>
<project basedir="." default="build-service" name="NFFG-3_BUILD">
	<import file="build.xml" />
	
	<description>
			Script for NFFG Assignment 2 - For automatic classes generation
	</description>
	
	<property name="basedir" location="." />
	<property name="lib.dir" location="${basedir}/lib" />
	<property name="build.dir" location="${basedir}/build" />
	<property name="src.dir" location="${basedir}/src" />
	
	<property name="gen.dir" location="${basedir}/gen-src" />
	<property name="bind.dir" location="${basedir}/gen-bind" />
	<property name="client1.dir" location="${basedir}/src/it/polito/dp2/NFFG/sol3/client1" />
	<property name="client2.dir" location="${basedir}/src/it/polito/dp2/NFFG/sol3/client2" />
	
	<property name="WADL" value="${NEO4JURL}/application.wadl"/>
	
	
	
	<!-- define wjc task (WADL to Java) -->
	<taskdef name="wjc" classname="org.jvnet.ws.wadl2java.WJCTask">
	   <classpath>
	   	<fileset dir="${lib.dir}" includes="*.jar" />
	   </classpath>
	</taskdef>
	
	<target name="build-service" depends="generate-bindings-xml">
		<mkdir dir="${gen.dir}"/>
		<mkdir dir="${build.dir}" />
		<echo message="I'm generating the artifacts" />
		
		<wjc description="${WADL}" package="it.polito.dp2.NFFG.sol3.service"
	       autoSchemaPackage="false" target="${gen.dir}">
	     <customizations dir="${basedir}" includes="binding.xjc"/>
	     <produces dir="${gen.dir}/it/polito/dp2/NFFG/sol3/service" includes="*.java"/>
	     <depends dir="${basedir}" includes="build.xml"/>
	    </wjc>
		
		<echo>Compiling my classes (if needed)...</echo>
		<javac destdir="${build.dir}" debug="${debug}" debuglevel="${debuglevel}" source="${source}" target="${target}" includeantruntime="false">
					<src path="${src.dir}"/>
					<src path="${gen.dir}"/>
					<src path="${bind.dir}" />
					<include name="it/polito/dp2/NFFG/sol3/**" />
			
					<classpath>
						<path refid="test.classpath" />
					</classpath>
		</javac>
		<echo>Done.</echo>
		
	</target>
	
	<!-- Target generate-bindings for xml elements  -->
	<target name="generate-bindings-xml"  depends="-chk-bindings" description="Generate bindings from schema">
		<delete dir="${bind.dir}" />
		<mkdir dir="${bind.dir}" />
		<exec executable="xjc" failonerror="true" >
			<arg value="-d" />
			<arg value="${bind.dir}" />
			<arg value="-p" />
			<arg value="it.polito.dp2.NFFG.sol3.bindings" />
			<arg value="${basedir}/xsd/nffgVerifier.xsd" />
		</exec>
		<touch file="${bind.dir}/.flagfile" />
	</target>
	
	<!-- Target chk-bindings -->
	<target name="-chk-bindings">
		<uptodate property="generate-bindings.notRequired" targetfile="${bind.dir}/.flagfile">
			<srcfiles dir="${basedir}/xsd" includes="**/*.xsd" />
		</uptodate>
	</target>
	
	<!-- Target requested by Client1 and Client2 assignment part! -->
	<target name="build-client">
		<echo>Compiling client1 - Client2 files</echo>
		<javac destdir="${build.dir}" debug="${debug}" debuglevel="${debuglevel}" source="${source}" target="${target}" includeantruntime="false">
							<src path="${client1.dir}" />
							<src path="${client2.dir}" />
					
							<include name="it/polito/dp2/NFFG/sol3/**" />
							<classpath>
								<path refid="test.classpath" />
							</classpath>
		</javac>
		<echo>Done.. Complied Client file</echo>
	</target>
	
	<!--	Added by me to speed up main execution -->
	<!--<target name="run-main" depends="setseed, redeployWS, redeployNeo4JXML,build-client"> -->
	<target name="run-main" depends="setseed,build-client">
		<echo>Running Main...</echo>
				<java classname="it.polito.dp2.NFFG.sol3.service.Main" failonerror="true" fork="yes">
					<sysproperty key="it.polito.dp2.NFFG.NFFGClientFactory" value="${NFFGClientFactory}" />
					<sysproperty key="it.polito.dp2.NFFG.NffgVerifierFactory" value="${NFFGInfo.NffgVerifierFactory}" />
					<sysproperty key="it.polito.dp2.NFFG.Random.seed" value="${seed}"/>
					<sysproperty key="it.polito.dp2.NFFG.Random.testcase" value="${test.case}"/>
					<sysproperty key="it.polito.dp2.NFFG.lab3.URL" value="${URL}" />
					<classpath>
						<path refid="NFFG.classpath" />
						<pathelement location="${lib.dir}/NFFGRandom.jar"/>
						<pathelement path="${build.dir}" />
						<path refid="test.classpath" />
					</classpath>
				</java>
				<echo>Done Main.</echo>
		</target>
	
</project>